"Louvenia","Beech","John Ortiz Nts Therapy Center","598 43rd St","Beverly Hills","Los Angeles","CA","90210","310-820-2117","310-652-2379","louvenia.beech@beech.com","http://www.johnortizntstherapycenter.com"
"Audry","Yaw","Mike Uchrin Htg & Air Cond Inc","70295 Pioneer Ct","Brandon","Hillsborough","FL","33511","813-797-4816","813-744-7100","audry.yaw@yaw.org","http://www.mikeuchrinhtgaircondinc.com"
"Kristel","Ehmann","Mccoy, Joy Reynolds Esq","92899 Kalakaua Ave","El Paso","El Paso","TX","79925","915-452-1290","915-300-6100","kristel.ehmann@aol.com","http://www.mccoyjoyreynoldsesq.com"
"Vincenza","Zepp","Kbor 1600 Am","395 S 6th St #2","El Cajon","San Diego","CA","92020","619-603-5125","619-935-6661","vzepp@gmail.com","http://www.kboram.com"
"Elouise","Gwalthney","Quality Inn Northwest","9506 Edgemore Ave","Bladensburg","Prince Georges","MD","20710","301-841-5012","301-591-3034","egwalthney@yahoo.com","http://www.qualityinnnorthwest.com"
"Venita","Maillard","Wallace Church Assoc Inc","72119 S Walker Ave #63","Anaheim","Orange","CA","92801","714-523-6653","714-663-9740","venita_maillard@gmail.com","http://www.wallacechurchassocinc.com"
"Kasandra","Semidey","Can Tron","369 Latham St #500","Saint Louis","Saint Louis City","MO","63102","314-732-9131","314-697-3652","kasandra_semidey@semidey.com","http://www.cantron.com"
"Xochitl","Discipio","Ravaal Enterprises Inc","3158 Runamuck Pl","Round Rock","Williamson","TX","78664","512-233-1831","512-942-3411","xdiscipio@gmail.com","http://www.ravaalenterprisesinc.com"
"Maile","Linahan","Thompson Steel Company Inc","9 Plainsboro Rd #598","Greensboro","Guilford","NC","27409","336-670-2640","336-364-6037","mlinahan@yahoo.com","http://www.thompsonsteelcompanyinc.com"
"Krissy","Rauser","Anderson, Mark A Esq","8728 S Broad St","Coram","Suffolk","NY","11727","631-443-4710","631-288-2866","krauser@cox.net","http://www.andersonmarkaesq.com"
"Pete","Dubaldi","Womack & Galich","2215 Prosperity Dr","Lyndhurst","Bergen","NJ","07071","201-825-2514","201-749-8866","pdubaldi@hotmail.com","http://www.womackgalich.com"
"Linn","Paa","Valerie & Company","1 S Pine St","Memphis","Shelby","TN","38112","901-412-4381","901-573-9024","linn_paa@paa.com","http://www.valeriecompany.com"
"Paris","Wide","Gehring Pumps Inc","187 Market St","Atlanta","Fulton","GA","30342","404-505-4445","404-607-8435","paris@hotmail.com","http://www.gehringpumpsinc.com"
"Wynell","Dorshorst","Haehnel, Craig W Esq","94290 S Buchanan St","Pacifica","San Mateo","CA","94044","650-473-1262","650-749-9879","wynell_dorshorst@dorshorst.org","http://www.haehnelcraigwesq.com"
"Quentin","Birkner","Spoor Behrins Campbell & Young","7061 N 2nd St","Burnsville","Dakota","MN","55337","952-702-7993","952-314-5871","qbirkner@aol.com","http://www.spoorbehrinscampbellyoung.com"
"Regenia","Kannady","Ken Jeter Store Equipment Inc","10759 Main St","Scottsdale","Maricopa","AZ","85260","480-726-1280","480-205-5121","regenia.kannady@cox.net","http://www.kenjeterstoreequipmentinc.com"
"Sheron","Louissant","Potter, Brenda J Cpa","97 E 3rd St #9","Long Island City","Queens","NY","11101","718-976-8610","718-613-9994","sheron@aol.com","http://www.potterbrendajcpa.com"
"Izetta","Funnell","Baird Kurtz & Dobson","82 Winsor St #54","Atlanta","Dekalb","GA","30340","770-844-3447","770-584-4119","izetta.funnell@hotmail.com","http://www.bairdkurtzdobson.com"
"Rodolfo","Butzen","Minor, Cynthia A Esq","41 Steel Ct","Northfield","Rice","MN","55057","507-210-3510","507-590-5237","rodolfo@hotmail.com","http://www.minorcynthiaaesq.com"
"Zona","Colla","Solove, Robert A Esq","49440 Dearborn St","Norwalk","Fairfield","CT","06854","203-461-1949","203-938-2557","zona@hotmail.com","http://www.soloverobertaesq.com"
"Serina","Zagen","Mark Ii Imports Inc","7 S Beverly Dr","Fort Wayne","Allen","IN","46802","260-273-3725","260-382-4869","szagen@aol.com","http://www.markiiimportsinc.com"
"Paz","Sahagun","White Sign Div Ctrl Equip Co","919 Wall Blvd","Meridian","Lauderdale","MS","39307","601-927-8287","601-249-4511","paz_sahagun@cox.net","http://www.whitesigndivctrlequipco.com"
"Markus","Lukasik","M & M Store Fixtures Co Inc","89 20th St E #779","Sterling Heights","Macomb","MI","48310","586-970-7380","586-247-1614","markus@yahoo.com","http://www.mmstorefixturescoinc.com"
"Jaclyn","Bachman","Judah Caster & Wheel Co","721 Interstate 45 S","Colorado Springs","El Paso","CO","80919","719-853-3600","719-223-2074","jaclyn@aol.com","http://www.judahcasterwheelco.com"
"Cyril","Daufeldt","Galaxy International Inc","3 Lawton St","New York","New York","NY","10013","212-745-8484","212-422-5427","cyril_daufeldt@daufeldt.com","http://www.galaxyinternationalinc.com"
"Gayla","Schnitzler","Sigma Corp Of America","38 Pleasant Hill Rd","Hayward","Alameda","CA","94545","510-686-3407","510-441-4055","gschnitzler@gmail.com","http://www.sigmacorpofamerica.com"
"Erick","Nievas","Soward, Anne Esq","45 E Acacia Ct","Chicago","Cook","IL","60624","773-704-9903","773-359-6109","erick_nievas@aol.com","http://www.sowardanneesq.com"
"Jennie","Drymon","Osborne, Michelle M Esq","63728 Poway Rd #1","Scranton","Lackawanna","PA","18509","570-218-4831","570-868-8688","jennie@cox.net","http://www.osbornemichellemesq.com"
"Mitsue","Scipione","Students In Free Entrprs Natl","77 222 Dr","Oroville","Butte","CA","95965","530-986-9272","530-399-3254","mscipione@scipione.com","http://www.studentsinfreeentrprsnatl.com"
"Ciara","Ventura","Johnson, Robert M Esq","53 W Carey St","Port Jervis","Orange","NY","12771","845-823-8877","845-694-7919","cventura@yahoo.com","http://www.johnsonrobertmesq.com"
"Galen","Cantres","Del Charro Apartments","617 Nw 36th Ave","Brook Park","Cuyahoga","OH","44142","216-600-6111","216-871-6876","galen@yahoo.com","http://www.delcharroapartments.com"
"Truman","Feichtner","Legal Search Inc","539 Coldwater Canyon Ave","Bloomfield","Essex","NJ","07003","973-852-2736","973-473-5108","tfeichtner@yahoo.com","http://www.legalsearchinc.com"
"Gail","Kitty","Service Supply Co Inc","735 Crawford Dr","Anchorage","Anchorage","AK","99501","907-435-9166","907-770-3542","gail@kitty.com","http://www.servicesupplycoinc.com"
"Dalene","Schoeneck","Sameshima, Douglas J Esq","910 Rahway Ave","Philadelphia","Philadelphia","PA",19102,"215-268-1275","215-380-8820","dalene@schoeneck.org","http://www.sameshimadouglasjesq.com"
"Gertude","Witten","Thompson, John Randolph Jr","7 Tarrytown Rd","Cincinnati","Hamilton","OH","45217","513-977-7043","513-863-9471","gertude.witten@gmail.com","http://www.thompsonjohnrand